{"eval/loss": 0.04263624548912048, "eval/accuracy": 0.03, "eval/runtime": 20.2364, "eval/samples_per_second": 9.883, "eval/steps_per_second": 0.593, "train/global_step": 1040, "_timestamp": 1682165294.0098112, "_runtime": 17729.962671279907, "_step": 107, "train/epoch": 10.0, "train/loss": 0.6023, "train/learning_rate": 1.9230769230769234e-06, "train/train_runtime": 17664.1449, "train/train_samples_per_second": 8.5, "train/train_steps_per_second": 0.059, "train/total_flos": 6.91900557916373e+17, "train/train_loss": 1.5478413398449238, "_wandb": {"runtime": 17729}}