{"eval/loss": 58.66774368286133, "eval/accuracy": 0.0, "eval/runtime": 27.0822, "eval/samples_per_second": 7.385, "eval/steps_per_second": 0.332, "train/global_step": 0, "_timestamp": 1682147533.5203228, "_runtime": 63.73175668716431, "_step": 0, "_wandb": {"runtime": 73}}